name,gradyear
Lei CHEN,2005
Qiang YANG,1989
Qian ZHANG,1999
Xiaowen CHU,2003
Qiong LUO,2002
Danny Hin Kwok TSANG,1989
Wei WANG,2004
Kaishun WU,2011
Yang YANG,2002
Kang ZHANG,1990
Ying CUI,2012
Pan HUI,2008
Xinyi HUANG,2009
Sung Hun KIM,2006
DIRK KUTSCHER,2003
Nan TANG,2008
Felix Xin WANG,2018
Sean Sihong XIE,2016
Tengfei CHANG,2018
Huangxun CHEN,2020
Yingcong CHEN,2020
Mingming FAN,2019
Vincent Kin Nang LAU,1998
Zijun GONG,2021
Varvara GULJAJEVA,2018
Guobiao HU,2020
Zhilu LAI,2018
Jia LI,2021
Lei LI,2018
Junwei LIANG,2021
Yuxuan LIANG,2023
Hao LIU,2017
Li LIU,2019
Irene Man Chi Lo,1992
Yuyu LUO,2023
RAUL GIANCARLO MARIA MASU,2022
Ying SUN,2022
Jing TANG,2018
Gareth John TYSON,2010
Hao WANG,2023
Addison Lin WANG,2021
Wenjia WANG,2018
Zeyu WANG,2022
Zeyi WEN,2015
Lionel Ming-Shuan NI,1980
Hong XING,2016
David Kei Man YIP,2015
Luwen YU,2021
Wei ZENG,2015
Theodoros PAPATHEODOROU,2007
Rui HU,2017
Jake Junjie ZHANG,2015
Meihui ZHANG,2013
Xiao Fang ZHOU,1994
Xiang CHENG,2009
Huamin QU,2004
Jian GUO,2011
Feifei LI,2007
Hang LI,1998
Shipeng LI,1996
Jiangchuan LIU,2003
Tie-Yan LIU,2003
Dou SHEN,2007
Keyang TANG,2007
Da Cheng TAO,2006
Xiaoyu WANG,2012
Fu-Gee TSUNG,1997
Xing XIE,
Jie Ping YE,2005
Jing YUAN,2012
Liang TAN,2019
Dian ZHANG,2010
Haijie HU,2007
Bo Wen ZHOU,2003
Chen ZHANG,
Hui XIONG,2005
Liuqing YANG,2004
